{"assets/fonts/Inter-Regular.ttf":["assets/fonts/Inter-Regular.ttf"],"assets/fonts/Poppins-Bold.ttf":["assets/fonts/Poppins-Bold.ttf"],"assets/icons/.gitkeep":["assets/icons/.gitkeep"],"assets/icons/pet_care_icon_1024_bordered.png":["assets/icons/pet_care_icon_1024_bordered.png"],"assets/icons/pet_care_icon_512_bordered.png":["assets/icons/pet_care_icon_512_bordered.png"],"assets/images/.gitkeep":["assets/images/.gitkeep"],"assets/images/app_icon.png":["assets/images/app_icon.png"],"assets/images/logo.png":["assets/images/logo.png"],"assets/images/logo_web.png":["assets/images/logo_web.png"],"assets/images/my_pet_care_full_logo.png":["assets/images/my_pet_care_full_logo.png"],"assets/images/my_pet_care_logo.webp":["assets/images/my_pet_care_logo.webp"],"assets/logo/my_pet_care_logo.png":["assets/logo/my_pet_care_logo.png"],"assets/logo/my_pet_care_logo.webp":["assets/logo/my_pet_care_logo.webp"]}